rank,year,team,city,home_games,total_home_attendance,home_avg,away_games,away_avg,total_games,total_avg,,,
1,2022,Dodgers,Los Angeles,81,"3,861,408","47,671",81,"31,104",162,"39,388",,,
2,2022,Cardinals,St. Louis,81,"3,320,551","40,994",80,"27,895",161,"34,485",,,
3,2022,Yankees,Bronx,78,"3,136,207","40,207",81,"30,418",159,"35,220",,,
4,2022,Braves,Atlanta,81,"3,129,931","38,641",80,"28,216",161,"33,461",,,
5,2022,Padres,San Diego,81,"2,991,470","36,931",80,"29,754",161,"33,365",,,
6,2022,Mets,Queens,77,"2,564,737","33,308",80,"29,330",157,"31,281",,,
7,2022,Astros,Houston,81,"2,688,998","33,197",80,"25,112",161,"29,179",,,
8,2022,Blue Jays,Toronto,81,"2,653,830","32,763",78,"26,280",159,"29,582",,,
9,2022,Rockies,Denver,80,"2,597,428","32,467",80,"27,801",160,"30,134",,,
10,2022,Red Sox,Boston,81,"2,625,089","32,408",81,"26,106",162,"29,257",,,
11,2022,Cubs,Chicago,81,"2,616,780","32,305",81,"29,044",162,"30,675",,,
12,2022,Giants,San Francisco,81,"2,482,686","30,650",79,"29,337",160,"30,002",,,
13,2022,Angels,Los Angeles,81,"2,457,461","30,339",81,"25,561",162,"27,950",,,
14,2022,Brewers,Milwaukee,80,"2,412,420","30,155",81,"27,290",161,"28,713",,,
15,2022,Mariners,Seattle,80,"2,287,267","28,590",81,"22,973",161,"25,764",,,
16,2022,Phillies,Philadelphia,80,"2,276,736","28,459",81,"29,193",161,"28,828",,,
17,2022,Nationals,Washington D.C.,81,"2,026,401","25,017",80,"27,839",161,"26,419",,,
18,2022,Rangers,Arlington,81,"2,011,381","24,831",79,"22,443",160,"23,652",,,
19,2022,White Sox,Chicago,80,"1,976,344","24,704",78,"22,118",158,"23,427",,,
20,2022,Twins,Minneapolis,80,"1,801,128","22,514",80,"22,827",160,"22,670",,,
21,2022,Diamondbacks,Phoenix,81,"1,605,199","19,817",81,"29,182",162,"24,499",,,
22,2022,Tigers,Detroit,79,"1,551,149","19,634",76,"23,612",155,"21,585",,,
23,2022,Orioles,Baltimore,78,"1,368,367","17,543",81,"26,132",159,"21,918",,,
24,2022,Reds,Cincinnati,80,"1,395,770","17,447",81,"30,005",161,"23,765",,,
25,2022,Guardians,Cleveland,76,"1,295,869","17,050",80,"25,315",156,"21,289",,,
26,2022,Royals,Kansas City,80,"1,277,986","15,974",80,"22,474",160,"19,224",,,
27,2022,Pirates,Pittsburgh,81,"1,257,458","15,524",80,"28,495",161,"21,969",,,
28,2022,Rays,Tampa Bay,81,"1,128,127","13,927",81,"25,027",162,"19,477",,,
29,2022,Marlins,Miami,81,"907,487","11,203",80,"27,803",161,"19,452",,,
30,2022,A's,Oakland,79,"787,902","9,973",81,"26,031",160,"18,102",,,
1,2021,Dodgers,Los Angeles,81,"2,804,693","34,625",81,"25,163",162,"29,894",,,
2,2021,Braves,Atlanta,78,"2,300,247","29,490",78,"17,968",156,"23,729",,,
3,2021,San Diego,San Diego,81,"2,191,950","27,061",79,"22,140",160,"24,631",,,
4,2021,Cardinals,St. Louis,80,"2,102,530","26,281",81,"20,518",161,"23,382",,,
5,2021,Rangers,Arlington,81,"2,110,258","26,052",80,"14,444",161,"20,284",,,
6,2021,Astros,Houston,81,"2,068,509","25,537",81,"17,947",162,"21,742",,,
7,2021,Rockies,Denver,78,"1,938,645","24,854",79,"20,252",157,"22,539",,,
8,2021,Yankees,Bronx,80,"1,959,854","24,498",81,"20,612",161,"22,543",,,
9,2021,Cubs,Chicago,81,"1,978,934","24,431",81,"22,637",162,"23,534",,,
10,2021,Brewers,Milwaukee,81,"1,824,282","22,522",81,"19,548",162,"21,035",,,
11,2021,Red Sox,Boston,81,"1,725,323","21,300",80,"19,693",161,"20,501",,,
12,2021,Giants,San Francisco,81,"1,679,484","20,734",80,"22,467",161,"21,595",,,
13,2021,Mets,Queens,72,"1,484,665","20,620",79,"20,723",151,"20,674",,,
14,2021,White Sox,Chicago,78,"1,596,385","20,466",80,"16,576",158,"18,496",,,
15,2021,Phillies,Philadelphia,79,"1,515,890","19,188",79,"19,985",158,"19,587",,,
16,2021,Angels,Los Angeles,81,"1,512,033","18,667",81,"19,075",162,"18,871",,,
17,2021,Reds,Cincinnati,81,"1,505,024","18,580",81,"19,527",162,"19,054",,,
18,2021,Nationals,Washington D.C.,80,"1,465,543","18,319",78,"17,401",158,"17,866",,,
19,2021,Twins,Minneapolis,80,"1,310,199","16,377",79,"17,219",159,"16,795",,,
20,2021,Mariners,Seattle,81,"1,215,985","15,012",79,"16,869",160,"15,929",,,
21,2021,Guardians,Cleveland,77,"1,114,368","14,472",80,"16,264",157,"15,385",,,
22,2021,Royals,Kansas City,81,"1,159,613","14,316",80,"16,222",161,"15,263",,,
23,2021,Tigers,Detroit,81,"1,102,623","13,612",79,"16,359",160,"14,968",,,
24,2021,Diamondbacks,Phoenix,81,"1,043,010","12,876",80,"20,081",161,"16,456",,,
25,2021,Pirates,Pittsburgh,81,"859,498","10,611",80,"20,719",161,"15,633",,,
26,2021,Orioles,Baltimore,78,"793,229","10,169",80,"16,390",158,"13,319",,,
27,2021,Blue Jays,Toronto,80,"809,557","10,119",78,"16,398",158,"13,219",,,
28,2021,Rays,Tampa Bay,80,"761,072","9,513",81,"16,339",161,"12,947",,,
29,2021,A's,Oakland,80,"701,430","8,767",81,"19,085",161,"13,958",,,
30,2021,Marlins,Miami,81,"642,617","7,933",79,"18,015",160,"12,911",,,
1,2019,Dodgers,Los Angeles,81,"3,974,309","49,065",81,"33,427",162,"41,246",,,
2,2019,Cardinals,St. Louis,81,"3,480,393","42,967",81,"29,447",162,"36,207",,,
3,2019,Yankees,Bronx,79,"3,304,404","41,827",80,"30,759",159,"36,258",,,
4,2019,Cubs,Chicago,81,"3,094,865","38,208",81,"33,454",162,"35,831",,,
5,2019,Angels,Los Angeles,81,"3,023,010","37,321",81,"26,849",162,"32,085",,,
6,2019,Rockies,Denver,81,"2,993,244","36,953",81,"30,528",162,"33,741",,,
7,2019,Red Sox,Boston,81,"2,924,627","36,106",81,"28,027",162,"32,066",,,
8,2019,Brewers,Milwaukee,81,"2,923,333","36,090",81,"29,727",162,"32,909",,,
9,2019,Astros,Houston,81,"2,857,367","35,276",80,"26,302",161,"30,817",,,
10,2019,Phillies,Philadelphia,81,"2,727,421","33,671",81,"28,958",162,"31,315",,,
11,2019,Giants,San Francisco,81,"2,707,760","33,429",81,"32,452",162,"32,940",,,
12,2019,Braves,Atlanta,81,"2,654,920","32,776",80,"28,829",161,"30,815",,,
13,2019,Mets,Queens,80,"2,442,532","30,531",81,"29,425",161,"29,975",,,
14,2019,San Diego,San Diego,81,"2,396,399","29,585",81,"32,446",162,"31,015",,,
15,2019,Twins,Minneapolis,81,"2,294,152","28,322",80,"23,505",161,"25,928",,,
16,2019,Nationals,Washington D.C.,81,"2,259,781","27,898",81,"29,054",162,"28,476",,,
17,2019,Diamondbacks,Phoenix,81,"2,135,510","26,364",81,"28,993",162,"27,678",,,
18,2019,Rangers,Arlington,81,"2,133,004","26,333",80,"26,601",161,"26,466",,,
19,2019,Reds,Cincinnati,81,"1,808,685","22,329",81,"30,425",162,"26,377",,,
20,2019,Mariners,Seattle,81,"1,791,937","22,122",81,"26,548",162,"24,335",,,
21,2019,Guardians,Cleveland,79,"1,738,642","22,008",81,"24,944",160,"23,494",,,
22,2019,Blue Jays,Toronto,81,"1,750,144","21,606",81,"25,904",162,"23,755",,,
23,2019,White Sox,Chicago,76,"1,629,636","21,442",81,"24,384",157,"22,960",,,
24,2019,A's,Oakland,81,"1,662,211","20,521",81,"27,615",162,"24,068",,,
25,2019,Tigers,Detroit,80,"1,501,430","18,767",79,"24,826",159,"21,778",,,
26,2019,Royals,Kansas City,80,"1,479,659","18,495",80,"25,072",160,"21,783",,,
27,2019,Pirates,Pittsburgh,81,"1,491,429","18,412",81,"32,070",162,"25,241",,,
28,2019,Orioles,Baltimore,80,"1,307,807","16,347",78,"25,484",158,"20,858",,,
29,2019,Rays,Tampa Bay,80,"1,178,735","14,734",79,"26,067",159,"20,365",,,
30,2019,Marlins,Miami,81,"811,302","10,016",80,"27,812",161,"18,858",,,
1,2018,Dodgers,Los Angeles,82,"3,857,500","47,042",80,"33,239",162,"40,226",,,
2,2018,Yankees,Bronx,81,"3,482,855","42,998",80,"30,685",161,"36,880",,,
3,2018,Cardinals,St. Louis,81,"3,403,587","42,019",81,"29,274",162,"35,646",,,
4,2018,Giants,San Francisco,81,"3,156,185","38,965",81,"33,915",162,"36,440",,,
5,2018,Cubs,Chicago,82,"3,181,089","38,793",80,"32,800",162,"35,834",,,
6,2018,Angels,Los Angeles,81,"3,020,216","37,286",81,"28,034",162,"32,660",,,
7,2018,Rockies,Denver,81,"3,015,880","37,233",82,"31,607",163,"34,402",,,
8,2018,Astros,Houston,81,"2,980,549","36,796",80,"28,842",161,"32,844",,,
9,2018,Red Sox,Boston,81,"2,895,575","35,747",81,"29,992",162,"32,870",,,
10,2018,Brewers,Milwaukee,81,"2,850,875","35,195",81,"29,000",162,"32,098",,,
11,2018,Nationals,Washington D.C.,80,"2,529,604","31,620",80,"28,102",160,"29,861",,,
12,2018,Braves,Atlanta,81,"2,555,781","31,552",81,"27,826",162,"29,689",,,
13,2018,Blue Jays,Toronto,80,"2,325,281","29,066",80,"25,152",160,"27,109",,,
14,2018,Mariners,Seattle,81,"2,299,489","28,388",80,"27,174",161,"27,785",,,
15,2018,Mets,Queens,79,"2,224,995","28,164",80,"29,795",159,"28,985",,,
16,2018,Diamondbacks,Phoenix,81,"2,242,695","27,687",81,"31,832",162,"29,760",,,
17,2018,Phillies,Philadelphia,79,"2,158,124","27,318",80,"28,381",159,"27,853",,,
18,2018,San Diego,San Diego,80,"2,147,000","26,837",81,"30,730",161,"28,795",,,
19,2018,Rangers,Arlington,81,"2,107,107","26,013",81,"26,470",162,"26,241",,,
20,2018,Twins,Minneapolis,80,"1,959,197","24,489",81,"27,017",161,"25,761",,,
21,2018,Guardians,Cleveland,80,"1,926,701","24,083",81,"26,088",161,"25,092",,,
22,2018,Tigers,Detroit,80,"1,856,970","23,212",80,"26,157",160,"24,685",,,
23,2018,Royals,Kansas City,81,"1,665,107","20,556",80,"24,262",161,"22,398",,,
24,2018,Reds,Cincinnati,81,"1,629,356","20,115",81,"29,918",162,"25,017",,,
25,2018,White Sox,Chicago,80,"1,608,817","20,110",80,"26,240",160,"23,175",,,
26,2018,Orioles,Baltimore,78,"1,564,192","20,053",81,"27,204",159,"23,696",,,
27,2018,A's,Oakland,81,"1,573,616","19,427",80,"28,748",161,"24,058",,,
28,2018,Pirates,Pittsburgh,78,"1,465,316","18,786",81,"31,288",159,"25,155",,,
29,2018,Rays,Tampa Bay,81,"1,154,973","14,258",80,"26,381",161,"20,282",,,
30,2018,Marlins,Miami,81,"811,104","10,013",79,"28,917",160,"19,347",,,
1,2017,Dodgers,Los Angeles,81,"3,765,856","46,492",81,"33,579",162,"40,035",,,
2,2017,Cardinals,St. Louis,81,"3,447,937","42,567",81,"31,324",162,"36,945",,,
3,2017,Giants,San Francisco,81,"3,303,652","40,785",81,"31,376",162,"36,081",,,
4,2017,Yankees,Queens,79,"3,146,966","39,835",81,"32,354",160,"36,048",,,
5,2017,Blue Jays,Toronto,81,"3,203,886","39,554",81,"29,912",162,"34,733",,,
6,2017,Cubs,Chicago,81,"3,199,562","39,500",81,"34,460",162,"36,980",,,
7,2017,Angels,Los Angeles,81,"3,019,583","37,278",81,"27,663",162,"32,471",,,
8,2017,Rockies,Denver,81,"2,953,650","36,464",81,"30,575",162,"33,520",,,
9,2017,Red Sox,Boston,81,"2,917,678","36,020",81,"31,563",162,"33,792",,,
10,2017,Brewers,Milwaukee,81,"2,558,722","31,589",81,"30,530",162,"31,060",,,
11,2017,Nationals,Washington D.C.,81,"2,524,980","31,172",81,"29,967",162,"30,570",,,
12,2017,Rangers,Arlington,81,"2,507,760","30,960",81,"26,699",162,"28,829",,,
13,2017,Braves,Atlanta,81,"2,505,252","30,929",79,"29,230",160,"30,090",,,
14,2017,Mets,Queens,80,"2,460,622","30,757",81,"30,372",161,"30,563",,,
15,2017,Astros,Houston,81,"2,403,671","29,674",79,"27,678",160,"28,689",,,
16,2017,Tigers,Detroit,81,"2,321,599","28,661",80,"26,725",161,"27,699",,,
17,2017,Royals,Kansas City,80,"2,220,370","27,754",80,"28,458",160,"28,106",,,
18,2017,San Diego,San Diego,81,"2,138,491","26,401",81,"32,161",162,"29,281",,,
19,2017,Mariners,Seattle,81,"2,135,445","26,363",80,"26,797",161,"26,579",,,
20,2017,Diamondbacks,Phoenix,81,"2,134,375","26,350",81,"31,939",162,"29,144",,,
21,2017,Twins,Minneapolis,80,"2,051,279","25,640",80,"27,797",160,"26,719",,,
22,2017,Guardians,Cleveland,81,"2,048,138","25,285",80,"27,729",161,"26,499",,,
23,2017,Orioles,Baltimore,81,"2,028,424","25,042",81,"29,457",162,"27,250",,,
24,2017,Phillies,Philadelphia,79,"1,905,354","24,118",81,"30,940",160,"27,571",,,
25,2017,Pirates,Pittsburgh,81,"1,919,447","23,696",81,"32,633",162,"28,164",,,
26,2017,Reds,Cincinnati,81,"1,836,917","22,677",81,"32,094",162,"27,386",,,
27,2017,White Sox,Chicago,79,"1,629,470","20,626",81,"28,443",160,"24,583",,,
28,2017,Marlins,Miami,81,"1,651,997","20,395",80,"29,160",161,"24,750",,,
29,2017,A's,Oakland,80,"1,475,721","18,446",80,"29,466",160,"23,956",,,
30,2017,Rays,Tampa Bay,80,"1,253,619","15,670",81,"29,898",161,"22,828",,,
1,2016,Dodgers,Los Angeles,81,"3,703,312","45,719",81,"32,959",162,"39,339",,,
2,2016,Cardinals,St. Louis,81,"3,444,490","42,524",80,"31,092",161,"36,844",,,
3,2016,Blue Jays,Toronto,81,"3,392,299","41,880",81,"30,065",162,"35,972",,,
4,2016,Giants,San Francisco,81,"3,365,256","41,546",81,"32,164",162,"36,855",,,
5,2016,Cubs,Chicago,81,"3,232,420","39,906",81,"35,052",162,"37,479",,,
6,2016,Yankees,Bronx,81,"3,063,405","37,819",81,"30,940",162,"34,380",,,
7,2016,Angels,Los Angeles,81,"3,016,142","37,236",81,"28,676",162,"32,956",,,
8,2016,Red Sox,Boston,81,"2,955,434","36,486",81,"32,290",162,"34,388",,,
9,2016,Mets,Queens,80,"2,789,602","34,870",80,"30,791",160,"32,830",,,
10,2016,Rangers,Arlington,81,"2,710,402","33,461",81,"27,560",162,"30,511",,,
11,2016,Rockies,Denver,81,"2,602,524","32,129",81,"31,464",162,"31,796",,,
12,2016,Royals,Kansas City,81,"2,557,712","31,576",81,"27,979",162,"29,778",,,
13,2016,Tigers,Detroit,80,"2,493,859","31,173",81,"28,313",161,"29,734",,,
14,2016,Nationals,Washington D.C.,81,"2,481,938","30,641",81,"29,664",162,"30,152",,,
15,2016,San Diego,San Diego,81,"2,351,426","29,029",81,"32,847",162,"30,938",,,
16,2016,Brewers,Milwaukee,81,"2,314,614","28,575",81,"30,954",162,"29,764",,,
17,2016,Astros,Houston,81,"2,306,623","28,476",81,"28,041",162,"28,258",,,
18,2016,Pirates,Pittsburgh,80,"2,249,021","28,112",81,"29,999",161,"29,061",,,
19,2016,Mariners,Seattle,81,"2,267,928","27,999",81,"28,309",162,"28,154",,,
20,2016,Orioles,Baltimore,81,"2,172,344","26,819",81,"31,796",162,"29,307",,,
21,2016,Diamondbacks,Phoenix,81,"2,036,216","25,138",81,"32,701",162,"28,920",,,
22,2016,Braves,Atlanta,81,"2,020,914","24,949",80,"28,026",161,"26,478",,,
23,2016,Twins,Minneapolis,81,"1,963,912","24,245",81,"27,357",162,"25,801",,,
24,2016,Phillies,Philadelphia,81,"1,915,144","23,643",81,"30,783",162,"27,213",,,
25,2016,Reds,Cincinnati,81,"1,894,085","23,383",81,"31,895",162,"27,639",,,
26,2016,White Sox,Chicago,80,"1,746,293","21,828",81,"28,188",161,"25,028",,,
27,2016,Marlins,Miami,80,"1,712,417","21,405",81,"28,510",161,"24,979",,,
28,2016,Guardians,Cleveland,81,"1,591,667","19,650",79,"26,940",160,"23,249",,,
29,2016,A's,Oakland,81,"1,521,506","18,784",81,"29,511",162,"24,147",,,
30,2016,Rays,Tampa Bay,81,"1,286,163","15,878",81,"30,093",162,"22,985",,,
1,2015,Dodgers,Los Angeles,81,"3,764,815","46,479",81,"34,525",162,"40,502",,,
2,2015,Cardinals,St. Louis,81,"3,520,889","43,467",80,"31,317",161,"37,430",,,
3,2015,Giants,San Francisco,81,"3,375,882","41,677",81,"34,121",162,"37,899",,,
4,2015,Yankees,Bronx,80,"3,193,795","39,922",81,"31,322",161,"35,595",,,
5,2015,Angels,Los Angeles,81,"3,012,765","37,194",81,"28,958",162,"33,076",,,
6,2015,Cubs,Chicago,81,"2,959,812","36,540",80,"34,422",161,"35,488",,,
7,2015,Red Sox,Boston,81,"2,880,694","35,564",81,"32,263",162,"33,913",,,
8,2015,Blue Jays,Toronto,81,"2,794,891","34,504",79,"27,762",160,"31,175",,,
9,2015,Tigers,Detroit,81,"2,726,048","33,654",79,"29,719",160,"31,711",,,
10,2015,Royals,Kansas City,81,"2,708,549","33,438",81,"27,681",162,"30,560",,,
11,2015,Nationals,Washington D.C.,81,"2,619,843","32,343",80,"30,230",161,"31,293",,,
12,2015,Mets,Queens,81,"2,569,753","31,725",81,"30,693",162,"31,209",,,
13,2015,Brewers,Milwaukee,81,"2,542,558","31,389",81,"31,634",162,"31,511",,,
14,2015,Rockies,Denver,80,"2,506,789","31,334",81,"30,962",161,"31,147",,,
15,2015,Pirates,Pittsburgh,81,"2,498,596","30,846",81,"33,049",162,"31,947",,,
16,2015,Rangers,Arlington,81,"2,491,875","30,763",81,"29,073",162,"29,918",,,
17,2015,San Diego,San Diego,81,"2,459,752","30,367",81,"31,721",162,"31,044",,,
18,2015,Reds,Cincinnati,81,"2,419,506","29,870",80,"32,075",161,"30,965",,,
19,2015,Orioles,Baltimore,79,"2,320,590","29,374",81,"28,714",160,"29,040",,,
20,2015,Twins,Minneapolis,81,"2,220,054","27,408",80,"29,306",161,"28,351",,,
21,2015,Mariners,Seattle,81,"2,193,581","27,081",81,"29,052",162,"28,066",,,
22,2015,Astros,Houston,81,"2,153,585","26,587",81,"28,121",162,"27,354",,,
23,2015,Diamondbacks,Phoenix,81,"2,080,145","25,680",80,"32,654",161,"29,146",,,
24,2015,Braves,Atlanta,80,"2,001,392","25,017",81,"29,699",161,"27,373",,,
25,2015,Phillies,Philadelphia,78,"1,831,080","23,475",81,"30,906",159,"27,260",,,
26,2015,White Sox,Chicago,80,"1,755,810","21,947",80,"29,030",160,"25,489",,,
27,2015,A's,Oakland,81,"1,768,175","21,829",81,"29,526",162,"25,677",,,
28,2015,Marlins,Miami,81,"1,752,235","21,632",80,"29,215",161,"25,400",,,
29,2015,Guardians,Cleveland,78,"1,388,905","17,806",81,"29,150",159,"23,585",,,
30,2015,Rays,Tampa Bay,81,"1,247,668","15,403",81,"28,189",162,"21,796",,,
1,2014,Dodgers,Los Angeles,81,"3,782,337","46,695",81,"33,830",162,"40,262",,,
2,2014,Cardinals,St. Louis,81,"3,540,649","43,711",81,"32,022",162,"37,867",,,
3,2014,Yankees,Bronx,80,"3,401,624","42,520",81,"35,512",161,"38,994",,,
4,2014,Giants,San Francisco,81,"3,368,697","41,588",81,"32,936",162,"37,262",,,
5,2014,Angels,Los Angeles,81,"3,095,935","38,221",80,"28,174",161,"33,229",,,
6,2014,Red Sox,Boston,81,"2,956,089","36,494",81,"31,867",162,"34,181",,,
7,2014,Tigers,Detroit,81,"2,917,209","36,014",81,"28,800",162,"32,407",,,
8,2014,Brewers,Milwaukee,81,"2,797,384","34,535",81,"32,328",162,"33,432",,,
9,2014,Rangers,Arlington,81,"2,718,733","33,564",81,"27,155",162,"30,360",,,
10,2014,Rockies,Denver,81,"2,680,329","33,090",81,"31,659",162,"32,375",,,
11,2014,Cubs,Chicago,81,"2,652,113","32,742",81,"33,096",162,"32,919",,,
12,2014,Nationals,Washington D.C.,81,"2,579,389","31,844",81,"29,864",162,"30,854",,,
13,2014,Orioles,Baltimore,80,"2,464,473","30,805",81,"29,671",161,"30,235",,,
14,2014,Reds,Cincinnati,81,"2,476,664","30,576",81,"32,140",162,"31,358",,,
15,2014,Pirates,Pittsburgh,81,"2,442,564","30,155",79,"33,316",160,"31,715",,,
16,2014,Phillies,Philadelphia,81,"2,423,852","29,924",81,"31,136",162,"30,530",,,
17,2014,Blue Jays,Toronto,81,"2,375,525","29,327",81,"29,708",162,"29,518",,,
18,2014,Braves,Atlanta,81,"2,354,305","29,065",81,"30,804",162,"29,934",,,
19,2014,Twins,Minneapolis,81,"2,250,606","27,785",79,"26,943",160,"27,369",,,
20,2014,San Diego,San Diego,81,"2,195,373","27,103",80,"32,877",161,"29,972",,,
21,2014,Mets,Queens,80,"2,148,808","26,860",81,"32,217",161,"29,555",,,
22,2014,Diamondbacks,Phoenix,81,"2,073,730","25,601",79,"31,481",160,"28,504",,,
23,2014,Mariners,Seattle,81,"2,064,334","25,485",80,"28,158",161,"26,813",,,
24,2014,A's,Oakland,80,"2,003,628","25,045",81,"28,757",161,"26,912",,,
25,2014,Royals,Kansas City,81,"1,956,482","24,154",81,"26,872",162,"25,513",,,
26,2014,Astros,Houston,81,"1,751,829","21,627",81,"27,191",162,"24,409",,,
27,2014,Marlins,Miami,81,"1,732,283","21,386",81,"28,892",162,"25,139",,,
28,2014,White Sox,Chicago,79,"1,650,821","20,896",81,"28,519",160,"24,755",,,
29,2014,Guardians,Cleveland,78,"1,437,393","18,428",81,"29,107",159,"23,868",,,
30,2014,Rays,Tampa Bay,81,"1,446,464","17,857",81,"28,685",162,"23,271",,,
1,2013,Dodgers,Los Angeles,81,"3,743,527","46,216",81,"35,348",162,"40,782",,,
2,2013,Cardinals,St. Louis,81,"3,369,769","41,602",80,"32,374",161,"37,016",,,
3,2013,Giants,San Francisco,80,"3,326,796","41,584",81,"34,977",161,"38,260",,,
4,2013,Yankees,Bronx,81,"3,279,589","40,488",80,"33,632",161,"37,082",,,
5,2013,Rangers,Arlington,82,"3,178,273","38,759",81,"28,121",163,"33,473",,,
6,2013,Tigers,Detroit,81,"3,083,397","38,066",81,"28,024",162,"33,045",,,
7,2013,Angels,Los Angeles,81,"3,019,505","37,277",81,"27,588",162,"32,432",,,
8,2013,Phillies,Philadelphia,81,"3,012,403","37,190",81,"30,463",162,"33,826",,,
9,2013,Red Sox,Boston,81,"2,833,333","34,979",81,"33,045",162,"34,012",,,
10,2013,Rockies,Denver,81,"2,793,828","34,491",81,"32,669",162,"33,580",,,
11,2013,Nationals,Washington D.C.,81,"2,652,422","32,745",81,"30,597",162,"31,671",,,
12,2013,Cubs,Chicago,81,"2,642,682","32,625",81,"32,159",162,"32,392",,,
13,2013,Braves,Atlanta,81,"2,548,679","31,465",81,"30,845",162,"31,155",,,
14,2013,Blue Jays,Toronto,81,"2,536,562","31,315",81,"28,039",162,"29,677",,,
15,2013,Reds,Cincinnati,81,"2,534,369","31,288",80,"32,890",161,"32,084",,,
16,2013,Brewers,Milwaukee,81,"2,531,105","31,248",81,"31,094",162,"31,171",,,
17,2013,Twins,Minneapolis,81,"2,477,644","30,588",81,"27,022",162,"28,805",,,
18,2013,Orioles,Baltimore,81,"2,357,561","29,105",81,"28,627",162,"28,866",,,
19,2013,Pirates,Pittsburgh,80,"2,256,862","28,210",81,"33,488",161,"30,865",,,
20,2013,San Diego,San Diego,81,"2,166,691","26,749",81,"32,212",162,"29,480",,,
21,2013,Mets,Queens,80,"2,135,657","26,695",81,"30,628",161,"28,674",,,
22,2013,Diamondbacks,Phoenix,81,"2,134,795","26,355",81,"33,054",162,"29,705",,,
23,2013,A's,Oakland,81,"1,809,302","22,337",81,"29,308",162,"25,822",,,
24,2013,White Sox,Chicago,80,"1,768,413","22,105",81,"27,333",161,"24,735",,,
25,2013,Mariners,Seattle,81,"1,761,546","21,747",81,"28,445",162,"25,096",,,
26,2013,Royals,Kansas City,81,"1,750,754","21,614",81,"27,433",162,"24,523",,,
27,2013,Astros,Houston,81,"1,651,883","20,393",81,"27,574",162,"23,983",,,
28,2013,Guardians,Cleveland,80,"1,572,926","19,661",80,"28,234",160,"23,947",,,
29,2013,Marlins,Miami,81,"1,586,322","19,584",80,"30,091",161,"24,805",,,
30,2013,Rays,Tampa Bay,81,"1,510,300","18,645",82,"30,154",163,"24,435",,,
1,2012,Phillies,Philadelphia,81,"3,565,718","44,021",81,"31,749",162,"37,885",,,
2,2012,Yankees,Bronx,81,"3,542,406","43,733",81,"34,154",162,"38,943",,,
3,2012,Rangers,Arlington,81,"3,460,280","42,719",80,"28,209",161,"35,509",,,
4,2012,Giants,San Francisco,81,"3,377,371","41,695",80,"32,889",161,"37,320",,,
5,2012,Dodgers,Los Angeles,81,"3,324,246","41,040",80,"32,640",161,"36,866",,,
6,2012,Cardinals,St. Louis,81,"3,262,109","40,272",81,"31,436",162,"35,854",,,
7,2012,Angels,Los Angeles,81,"3,061,770","37,799",81,"30,831",162,"34,315",,,
8,2012,Red Sox,Boston,81,"3,043,003","37,567",81,"31,038",162,"34,303",,,
9,2012,Tigers,Detroit,81,"3,028,033","37,383",81,"30,539",162,"33,961",,,
10,2012,Cubs,Chicago,81,"2,882,756","35,589",81,"32,485",162,"34,037",,,
11,2012,Brewers,Milwaukee,81,"2,831,385","34,955",81,"30,580",162,"32,767",,,
12,2012,Twins,Minneapolis,81,"2,776,354","34,275",80,"28,306",161,"31,309",,,
13,2012,Rockies,Denver,81,"2,630,458","32,474",80,"32,301",161,"32,388",,,
14,2012,Nationals,Washington D.C.,79,"2,370,794","30,010",81,"33,116",160,"31,582",,,
15,2012,Braves,Atlanta,81,"2,420,171","29,878",81,"31,936",162,"30,907",,,
16,2012,Reds,Cincinnati,81,"2,347,251","28,978",81,"30,784",162,"29,881",,,
17,2012,Mets,Queens,80,"2,242,803","28,035",81,"33,720",161,"30,895",,,
18,2012,Marlins,Miami,81,"2,219,444","27,400",80,"30,986",161,"29,182",,,
19,2012,Diamondbacks,Phoenix,81,"2,177,617","26,884",81,"32,292",162,"29,588",,,
20,2012,Orioles,Baltimore,79,"2,102,240","26,610",81,"29,549",160,"28,098",,,
21,2012,San Diego,San Diego,81,"2,123,721","26,218",81,"31,422",162,"28,820",,,
22,2012,Pirates,Pittsburgh,80,"2,091,918","26,148",81,"31,307",161,"28,744",,,
23,2012,Blue Jays,Toronto,81,"2,099,663","25,921",80,"29,075",161,"27,488",,,
24,2012,White Sox,Chicago,81,"1,965,955","24,271",81,"29,983",162,"27,127",,,
25,2012,Royals,Kansas City,80,"1,739,859","21,748",81,"27,447",161,"24,615",,,
26,2012,Mariners,Seattle,81,"1,721,920","21,258",81,"28,262",162,"24,760",,,
27,2012,A's,Oakland,81,"1,679,013","20,728",81,"29,978",162,"25,353",,,
28,2012,Astros,Houston,81,"1,607,733","19,848",81,"31,119",162,"25,483",,,
29,2012,Guardians,Cleveland,81,"1,603,596","19,797",81,"28,285",162,"24,041",,,
30,2012,Rays,Tampa Bay,81,"1,559,681","19,255",81,"30,403",162,"24,829",,,
1,2011,Phillies,Philadelphia,81,"3,680,718","45,440",81,"33,000",162,"39,220",,,
2,2011,Yankees,Bronx,81,"3,653,680","45,107",81,"33,228",162,"39,167",,,
3,2011,Giants,San Francisco,81,"3,387,303","41,818",81,"32,757",162,"37,287",,,
4,2011,Twins,Minneapolis,81,"3,168,107","39,112",81,"28,949",162,"34,031",,,
5,2011,Angels,Los Angeles,81,"3,166,321","39,090",81,"26,125",162,"32,608",,,
6,2011,Cardinals,St. Louis,81,"3,093,954","38,196",81,"30,439",162,"34,318",,,
7,2011,Brewers,Milwaukee,81,"3,071,373","37,918",78,"30,657",159,"34,356",,,
8,2011,Red Sox,Boston,81,"3,054,001","37,703",81,"31,999",162,"34,851",,,
9,2011,Cubs,Chicago,81,"3,017,966","37,258",81,"32,797",162,"35,028",,,
10,2011,Rangers,Arlington,81,"2,946,949","36,382",80,"28,674",161,"32,552",,,
11,2011,Dodgers,Los Angeles,81,"2,935,139","36,236",80,"32,584",161,"34,421",,,
12,2011,Rockies,Denver,81,"2,909,777","35,923",80,"30,299",161,"33,128",,,
13,2011,Tigers,Detroit,81,"2,642,045","32,617",81,"27,629",162,"30,123",,,
14,2011,Mets,Queens,79,"2,378,549","30,108",80,"33,079",159,"31,603",,,
15,2011,Braves,Atlanta,79,"2,372,940","30,037",81,"31,029",160,"30,539",,,
16,2011,Reds,Cincinnati,81,"2,213,498","27,327",80,"33,120",161,"30,205",,,
17,2011,San Diego,San Diego,81,"2,143,018","26,457",81,"32,929",162,"29,693",,,
18,2011,Diamondbacks,Phoenix,81,"2,105,432","25,992",81,"30,175",162,"28,084",,,
19,2011,Astros,Houston,81,"2,067,016","25,518",81,"28,588",162,"27,053",,,
20,2011,Nationals,Washington D.C.,78,"1,940,478","24,877",81,"29,484",159,"27,224",,,
21,2011,White Sox,Chicago,81,"2,001,117","24,705",81,"29,256",162,"26,980",,,
22,2011,Pirates,Pittsburgh,80,"1,940,429","24,255",80,"30,905",160,"27,580",,,
23,2011,Mariners,Seattle,81,"1,896,321","23,411",81,"27,873",162,"25,642",,,
24,2011,Guardians,Cleveland,81,"1,840,835","22,726",81,"30,671",162,"26,698",,,
25,2011,Blue Jays,Toronto,81,"1,818,103","22,445",81,"27,656",162,"25,051",,,
26,2011,Orioles,Baltimore,80,"1,755,461","21,943",81,"27,819",161,"24,899",,,
27,2011,Royals,Kansas City,81,"1,724,450","21,289",81,"29,257",162,"25,273",,,
28,2011,Marlins,Miami,80,"1,520,562","19,007",80,"30,834",160,"24,920",,,
29,2011,Rays,Tampa Bay,81,"1,529,188","18,878",81,"28,353",162,"23,616",,,
30,2011,A's,Oakland,81,"1,476,792","18,232",81,"30,476",162,"24,354",,,